Dense Rank,Standard Rank,Username,Display Name,Match_1_Team_Short,Match_1_Points,Match_2_Team_Short,Match_2_Points,Match_3_Team_Short,Match_3_Points,Match_4_Team_Short,Match_4_Points,Match_5_Team_Short,Match_5_Points,Match_6_Team_Short,Match_6_Points,Match_7_Team_Short,Match_7_Points,Match_8_Team_Short,Match_8_Points,Match_9_Team_Short,Match_9_Points,Match_10_Team_Short,Match_10_Points,Match_11_Team_Short,Match_11_Points,Match_12_Team_Short,Match_12_Points,Match_13_Team_Short,Match_13_Points,Match_14_Team_Short,Match_14_Points,Match_15_Team_Short,Match_15_Points,Match_16_Team_Short,Match_16_Points,Match_17_Team_Short,Match_17_Points,Match_18_Team_Short,Match_18_Points,Match_19_Team_Short,Match_19_Points,Match_20_Team_Short,Match_20_Points,Match_21_Team_Short,Match_21_Points,Match_22_Team_Short,Match_22_Points,Match_23_Team_Short,Match_23_Points,Match_24_Team_Short,Match_24_Points,Match_25_Team_Short,Match_25_Points,Match_26_Team_Short,Match_26_Points,Match_27_Team_Short,Match_27_Points,Match_28_Team_Short,Match_28_Points,Match_29_Team_Short,Match_29_Points,Match_30_Team_Short,Match_30_Points,Match_31_Team_Short,Match_31_Points,Match_32_Team_Short,Match_32_Points,Match_33_Team_Short,Match_33_Points,Match_34_Team_Short,Match_34_Points,Match_35_Team_Short,Match_35_Points,Match_36_Team_Short,Match_36_Points,Match_37_Team_Short,Match_37_Points,Match_38_Team_Short,Match_38_Points,Match_39_Team_Short,Match_39_Points,Match_40_Team_Short,Match_40_Points,Match_41_Team_Short,Match_41_Points,Total_Points
1,1,jadelessbarukan,jadeless,KKR,1.0,SRH,0.0,CSK,0.0,MI,0.0,DC,2.0,RR,2.0,MI,1.0,PBKS,1.0,GT,1.0,SRH,0.0,MI,0.0,DC,2.0,PBKS,0.0,GT,2.0,MI,0.0,LSG,1.5,PBKS,1.5,RR,0.0,DC,1.0,KKR,1.0,LSG,1.5,SRH,1.5,RR,0.0,MI,2.0,LSG,0.0,PBKS,1.0,DC,1.0,MI,1.0,PBKS,1.0,GT,2.0,LSG,2.0,RCB,2.0,MI,2.0,GT,1.0,LSG,0.0,MI,1.0,RCB,3.0,SRH,1.0,PBKS,0.0,MI,2.0,RCB,2.0,44.0
2,2,maverick7749,Mav,---,0.0,LSG,1.0,RCB,1.0,GT,1.0,DC,2.0,RR,2.0,KKR,0.0,LSG,0.0,GT,1.0,KKR,1.0,MI,0.0,CSK,0.0,PBKS,0.0,SRH,0.0,MI,0.0,KKR,0.0,PBKS,1.5,RR,0.0,DC,1.0,KKR,1.0,LSG,1.5,SRH,1.5,RR,0.0,DC,0.0,LSG,0.0,PBKS,1.0,DC,1.0,MI,1.0,PBKS,1.0,GT,2.0,RR,0.0,RCB,2.0,MI,2.0,GT,1.0,LSG,0.0,MI,1.0,RCB,3.0,CSK,0.0,PBKS,0.0,MI,2.0,RCB,2.0,34.5
3,3,thefarzi,Farzi,KKR,1.0,SRH,0.0,RCB,1.0,GT,1.0,SRH,0.0,CSK,0.0,MI,1.0,PBKS,1.0,RCB,0.0,SRH,0.0,MI,0.0,DC,2.0,PBKS,0.0,GT,2.0,RCB,1.0,KKR,0.0,PBKS,1.5,GT,1.0,RCB,0.0,CSK,0.0,GT,0.0,PBKS,0.0,RCB,2.0,MI,2.0,LSG,0.0,KKR,0.0,DC,1.0,MI,1.0,RCB,0.0,GT,2.0,LSG,2.0,RCB,2.0,MI,2.0,GT,1.0,DC,1.0,SRH,0.0,RCB,3.0,CSK,0.0,PBKS,0.0,LSG,0.0,RCB,2.0,33.5
4,4,tushar07019,,KKR,1.0,SRH,0.0,RCB,1.0,MI,0.0,SRH,0.0,CSK,0.0,MI,1.0,PBKS,1.0,RCB,0.0,SRH,0.0,MI,0.0,DC,2.0,PBKS,0.0,GT,2.0,RCB,1.0,KKR,0.0,PBKS,1.5,GT,1.0,RCB,0.0,KKR,1.0,GT,0.0,PBKS,0.0,RCB,2.0,DC,0.0,LSG,0.0,PBKS,1.0,DC,1.0,SRH,0.0,PBKS,1.0,DC,0.0,LSG,2.0,PBKS,0.0,MI,2.0,GT,1.0,DC,1.0,MI,1.0,RCB,3.0,SRH,1.0,PBKS,0.0,MI,2.0,RCB,2.0,32.5
5,5,thewebshooter,TheWebShooter,KKR,1.0,SRH,0.0,CSK,0.0,GT,1.0,SRH,0.0,RR,2.0,KKR,0.0,LSG,0.0,RCB,0.0,SRH,0.0,LSG,1.0,DC,2.0,PBKS,0.0,GT,2.0,MI,0.0,LSG,1.5,PBKS,1.5,GT,1.0,DC,1.0,KKR,1.0,GT,0.0,PBKS,0.0,RCB,2.0,DC,0.0,LSG,0.0,PBKS,1.0,DC,1.0,MI,1.0,PBKS,1.0,GT,2.0,LSG,2.0,PBKS,0.0,MI,2.0,GT,1.0,---,0.0,MI,1.0,RR,0.0,CSK,0.0,---,0.0,MI,2.0,DC,0.0,31.0
6,6,light_itachi_op,Monkey Uzumaki,---,0.0,SRH,0.0,RCB,1.0,MI,0.0,DC,2.0,CSK,0.0,KKR,0.0,PBKS,1.0,RCB,0.0,KKR,1.0,MI,0.0,DC,2.0,PBKS,0.0,GT,2.0,MI,0.0,KKR,0.0,PBKS,1.5,GT,1.0,RCB,0.0,KKR,1.0,GT,0.0,PBKS,0.0,RCB,2.0,MI,2.0,LSG,0.0,PBKS,1.0,DC,1.0,MI,1.0,RCB,0.0,DC,0.0,LSG,2.0,PBKS,0.0,MI,2.0,GT,1.0,---,0.0,MI,1.0,RCB,3.0,CSK,0.0,KKR,0.0,MI,2.0,DC,0.0,30.5
7,7,khanatfarm,KHANatFARM,KKR,1.0,SRH,0.0,CSK,0.0,---,0.0,SRH,0.0,RR,2.0,KKR,0.0,LSG,0.0,RCB,0.0,KKR,1.0,LSG,1.0,DC,2.0,PBKS,0.0,GT,2.0,MI,0.0,KKR,0.0,PBKS,1.5,GT,1.0,RCB,0.0,KKR,1.0,GT,0.0,PBKS,0.0,RCB,2.0,DC,0.0,LSG,0.0,KKR,0.0,DC,1.0,MI,1.0,RCB,0.0,GT,2.0,LSG,2.0,PBKS,0.0,MI,2.0,KKR,0.0,DC,1.0,MI,1.0,RCB,3.0,CSK,0.0,KKR,0.0,MI,2.0,DC,0.0,29.5
8,8,crazybats_v,Casper,KKR,1.0,---,0.0,RCB,1.0,MI,0.0,SRH,0.0,RR,2.0,KKR,0.0,PBKS,1.0,GT,1.0,SRH,0.0,MI,0.0,DC,2.0,PBKS,0.0,SRH,0.0,MI,0.0,KKR,0.0,PBKS,1.5,RR,0.0,RCB,0.0,KKR,1.0,GT,0.0,SRH,1.5,RCB,2.0,MI,2.0,LSG,0.0,PBKS,1.0,DC,1.0,SRH,0.0,RCB,0.0,GT,2.0,RR,0.0,RCB,2.0,CSK,0.0,GT,1.0,LSG,0.0,SRH,0.0,RCB,3.0,SRH,1.0,KKR,0.0,MI,2.0,DC,0.0,29.0
8,8,slidemaster0547,Slide Master,---,0.0,LSG,1.0,RCB,1.0,MI,0.0,SRH,0.0,CSK,0.0,MI,1.0,LSG,0.0,RCB,0.0,SRH,0.0,LSG,1.0,DC,2.0,PBKS,0.0,GT,2.0,RCB,1.0,LSG,1.5,PBKS,1.5,RR,0.0,RCB,0.0,KKR,1.0,GT,0.0,PBKS,0.0,RCB,2.0,DC,0.0,LSG,0.0,KKR,0.0,DC,1.0,MI,1.0,RCB,0.0,DC,0.0,LSG,2.0,PBKS,0.0,MI,2.0,GT,1.0,LSG,0.0,MI,1.0,RCB,3.0,SRH,1.0,PBKS,0.0,LSG,0.0,RCB,2.0,29.0
9,10,static_25,Static,KKR,1.0,SRH,0.0,CSK,0.0,GT,1.0,DC,2.0,CSK,0.0,MI,1.0,PBKS,1.0,RCB,0.0,KKR,1.0,LSG,1.0,CSK,0.0,RR,2.0,SRH,0.0,RCB,1.0,KKR,0.0,CSK,0.0,GT,1.0,RCB,0.0,CSK,0.0,GT,0.0,SRH,1.5,RR,0.0,DC,0.0,CSK,1.0,PBKS,1.0,DC,1.0,MI,1.0,PBKS,1.0,GT,2.0,RR,0.0,PBKS,0.0,MI,2.0,GT,1.0,DC,1.0,MI,1.0,RR,0.0,CSK,0.0,KKR,0.0,MI,2.0,DC,0.0,27.5
10,11,rishavmaiti,rishavmaiti,---,0.0,---,0.0,RCB,1.0,MI,0.0,SRH,0.0,CSK,0.0,MI,1.0,LSG,0.0,GT,1.0,---,0.0,---,0.0,---,0.0,RR,2.0,SRH,0.0,---,0.0,---,0.0,CSK,0.0,---,0.0,DC,1.0,CSK,0.0,LSG,1.5,SRH,1.5,---,0.0,MI,2.0,CSK,1.0,PBKS,1.0,DC,1.0,MI,1.0,PBKS,1.0,GT,2.0,RR,0.0,RCB,2.0,MI,2.0,KKR,0.0,DC,1.0,MI,1.0,RCB,3.0,CSK,0.0,PBKS,0.0,---,0.0,DC,0.0,27.0
11,12,fezvaz,Vaz,---,0.0,SRH,0.0,RCB,1.0,---,0.0,SRH,0.0,CSK,0.0,KKR,0.0,---,0.0,RCB,0.0,KKR,1.0,MI,0.0,DC,2.0,PBKS,0.0,SRH,0.0,RCB,1.0,KKR,0.0,PBKS,1.5,GT,1.0,RCB,0.0,KKR,1.0,---,0.0,PBKS,0.0,RCB,2.0,DC,0.0,---,0.0,KKR,0.0,DC,1.0,MI,1.0,RCB,0.0,DC,0.0,LSG,2.0,RCB,2.0,MI,2.0,KKR,0.0,DC,1.0,SRH,0.0,RCB,3.0,CSK,0.0,KKR,0.0,MI,2.0,RCB,2.0,26.5
12,13,billuda,𒆜 𝐁𝐈𝐋𝐋𝐔 𝐃𝐀 𒆜,RR,0.0,LSG,1.0,CSK,0.0,MI,0.0,DC,2.0,CSK,0.0,MI,1.0,LSG,0.0,RCB,0.0,KKR,1.0,MI,0.0,CSK,0.0,RR,2.0,SRH,0.0,MI,0.0,LSG,1.5,CSK,0.0,GT,1.0,RCB,0.0,CSK,0.0,LSG,1.5,SRH,1.5,RCB,2.0,MI,2.0,CSK,1.0,KKR,0.0,RR,0.0,MI,1.0,RCB,0.0,GT,2.0,RR,0.0,RCB,2.0,CSK,0.0,KKR,0.0,LSG,0.0,SRH,0.0,RR,0.0,CSK,0.0,KKR,0.0,LSG,0.0,RCB,2.0,24.5
12,13,insane_dwane,Insane_Dwane,---,0.0,---,0.0,RCB,1.0,GT,1.0,SRH,0.0,---,0.0,KKR,0.0,LSG,0.0,RCB,0.0,SRH,0.0,MI,0.0,---,0.0,---,0.0,SRH,0.0,RCB,1.0,KKR,0.0,CSK,0.0,GT,1.0,RCB,0.0,KKR,1.0,GT,0.0,SRH,1.5,RCB,2.0,MI,2.0,CSK,1.0,KKR,0.0,RR,0.0,SRH,0.0,RCB,0.0,GT,2.0,RR,0.0,RCB,2.0,---,0.0,KKR,0.0,DC,1.0,SRH,0.0,RCB,3.0,SRH,1.0,KKR,0.0,MI,2.0,RCB,2.0,24.5
12,13,roguehunter15,RogueHunter,KKR,1.0,SRH,0.0,CSK,0.0,MI,0.0,SRH,0.0,RR,2.0,KKR,0.0,LSG,0.0,RCB,0.0,KKR,1.0,MI,0.0,DC,2.0,PBKS,0.0,GT,2.0,MI,0.0,KKR,0.0,PBKS,1.5,GT,1.0,---,0.0,KKR,1.0,GT,0.0,PBKS,0.0,RCB,2.0,DC,0.0,LSG,0.0,KKR,0.0,DC,1.0,SRH,0.0,RCB,0.0,DC,0.0,LSG,2.0,PBKS,0.0,CSK,0.0,GT,1.0,LSG,0.0,---,0.0,RCB,3.0,CSK,0.0,PBKS,0.0,MI,2.0,RCB,2.0,24.5
13,16,roarycat,RoaryCat,RR,0.0,SRH,0.0,---,0.0,MI,0.0,SRH,0.0,RR,2.0,MI,1.0,PBKS,1.0,GT,1.0,SRH,0.0,MI,0.0,DC,2.0,RR,2.0,SRH,0.0,MI,0.0,---,0.0,CSK,0.0,RR,0.0,RCB,0.0,CSK,0.0,LSG,1.5,SRH,1.5,RR,0.0,MI,2.0,LSG,0.0,PBKS,1.0,RR,0.0,SRH,0.0,PBKS,1.0,GT,2.0,LSG,2.0,PBKS,0.0,MI,2.0,GT,1.0,LSG,0.0,SRH,0.0,RR,0.0,SRH,1.0,PBKS,0.0,LSG,0.0,DC,0.0,24.0
14,17,apurv5411,APURV,---,0.0,---,0.0,---,0.0,---,0.0,---,0.0,---,0.0,---,0.0,---,0.0,---,0.0,---,0.0,---,0.0,---,0.0,---,0.0,---,0.0,RCB,1.0,KKR,0.0,PBKS,1.5,GT,1.0,---,0.0,KKR,1.0,GT,0.0,PBKS,0.0,RCB,2.0,DC,0.0,LSG,0.0,PBKS,1.0,DC,1.0,SRH,0.0,RCB,0.0,DC,0.0,LSG,2.0,RCB,2.0,MI,2.0,GT,1.0,LSG,0.0,MI,1.0,RCB,3.0,CSK,0.0,PBKS,0.0,MI,2.0,RCB,2.0,23.5
14,17,vahgar,Allen The Alien,RR,0.0,SRH,0.0,CSK,0.0,MI,0.0,SRH,0.0,RR,2.0,KKR,0.0,PBKS,1.0,RCB,0.0,SRH,0.0,MI,0.0,DC,2.0,RR,2.0,SRH,0.0,RCB,1.0,KKR,0.0,PBKS,1.5,RR,0.0,RCB,0.0,KKR,1.0,GT,0.0,PBKS,0.0,RR,0.0,---,0.0,CSK,1.0,PBKS,1.0,RR,0.0,MI,1.0,PBKS,1.0,GT,2.0,RR,0.0,RCB,2.0,MI,2.0,KKR,0.0,DC,1.0,SRH,0.0,RR,0.0,---,0.0,PBKS,0.0,LSG,0.0,RCB,2.0,23.5
15,19,emptycases,J,---,0.0,SRH,0.0,CSK,0.0,MI,0.0,---,0.0,---,0.0,KKR,0.0,PBKS,1.0,GT,1.0,SRH,0.0,LSG,1.0,CSK,0.0,PBKS,0.0,SRH,0.0,RCB,1.0,KKR,0.0,PBKS,1.5,GT,1.0,DC,1.0,KKR,1.0,GT,0.0,---,0.0,RCB,2.0,DC,0.0,LSG,0.0,KKR,0.0,DC,1.0,SRH,0.0,PBKS,1.0,DC,0.0,RR,0.0,PBKS,0.0,MI,2.0,GT,1.0,DC,1.0,SRH,0.0,RCB,3.0,SRH,1.0,KKR,0.0,MI,2.0,DC,0.0,22.5
15,19,reflekt_11,Reflekt,RR,0.0,SRH,0.0,CSK,0.0,---,0.0,SRH,0.0,CSK,0.0,MI,1.0,PBKS,1.0,RCB,0.0,SRH,0.0,MI,0.0,CSK,0.0,RR,2.0,GT,2.0,MI,0.0,KKR,0.0,PBKS,1.5,RR,0.0,DC,1.0,CSK,0.0,GT,0.0,PBKS,0.0,RCB,2.0,DC,0.0,LSG,0.0,PBKS,1.0,DC,1.0,MI,1.0,RCB,0.0,DC,0.0,RR,0.0,PBKS,0.0,CSK,0.0,---,0.0,DC,1.0,MI,1.0,RCB,3.0,CSK,0.0,PBKS,0.0,MI,2.0,RCB,2.0,22.5
16,21,ind_mafia_sahil,IND_Mafia_Sahil,---,0.0,SRH,0.0,RCB,1.0,MI,0.0,DC,2.0,CSK,0.0,KKR,0.0,PBKS,1.0,RCB,0.0,SRH,0.0,MI,0.0,DC,2.0,PBKS,0.0,SRH,0.0,RCB,1.0,LSG,1.5,PBKS,1.5,GT,1.0,DC,1.0,KKR,1.0,GT,0.0,PBKS,0.0,RCB,2.0,DC,0.0,LSG,0.0,PBKS,1.0,DC,1.0,SRH,0.0,RCB,0.0,DC,0.0,LSG,2.0,PBKS,0.0,MI,2.0,---,0.0,DC,1.0,---,0.0,---,0.0,---,0.0,---,0.0,---,0.0,---,0.0,22.0
17,22,gooffyluffyy,Luffy,---,0.0,SRH,0.0,CSK,0.0,GT,1.0,SRH,0.0,CSK,0.0,MI,1.0,LSG,0.0,GT,1.0,SRH,0.0,LSG,1.0,CSK,0.0,RR,2.0,GT,2.0,MI,0.0,KKR,0.0,CSK,0.0,RR,0.0,DC,1.0,CSK,0.0,LSG,1.5,PBKS,0.0,RR,0.0,MI,2.0,CSK,1.0,KKR,0.0,DC,1.0,SRH,0.0,PBKS,1.0,DC,0.0,LSG,2.0,PBKS,0.0,CSK,0.0,GT,1.0,LSG,0.0,MI,1.0,RR,0.0,CSK,0.0,PBKS,0.0,MI,2.0,DC,0.0,21.5
17,22,the_mizer,DrVimp,KKR,1.0,SRH,0.0,CSK,0.0,MI,0.0,SRH,0.0,CSK,0.0,MI,1.0,LSG,0.0,GT,1.0,KKR,1.0,MI,0.0,CSK,0.0,PBKS,0.0,SRH,0.0,RCB,1.0,KKR,0.0,PBKS,1.5,RR,0.0,RCB,0.0,KKR,1.0,GT,0.0,PBKS,0.0,RCB,2.0,DC,0.0,LSG,0.0,KKR,0.0,DC,1.0,MI,1.0,RCB,0.0,DC,0.0,LSG,2.0,RCB,2.0,MI,2.0,KKR,0.0,LSG,0.0,SRH,0.0,RCB,3.0,SRH,1.0,PBKS,0.0,LSG,0.0,DC,0.0,21.5
18,24,astrobot_7,PS_USER,RR,0.0,SRH,0.0,CSK,0.0,---,0.0,---,0.0,---,0.0,---,0.0,---,0.0,---,0.0,---,0.0,LSG,1.0,DC,2.0,RR,2.0,GT,2.0,MI,0.0,LSG,1.5,CSK,0.0,RR,0.0,DC,1.0,CSK,0.0,LSG,1.5,PBKS,0.0,RR,0.0,MI,2.0,CSK,1.0,PBKS,1.0,RR,0.0,MI,1.0,PBKS,1.0,GT,2.0,RR,0.0,PBKS,0.0,CSK,0.0,GT,1.0,LSG,0.0,MI,1.0,RR,0.0,CSK,0.0,PBKS,0.0,LSG,0.0,DC,0.0,21.0
18,24,elprofesor6338,Èl Profesor™,---,0.0,---,0.0,---,0.0,MI,0.0,SRH,0.0,CSK,0.0,KKR,0.0,PBKS,1.0,RCB,0.0,---,0.0,LSG,1.0,CSK,0.0,RR,2.0,SRH,0.0,RCB,1.0,---,0.0,CSK,0.0,GT,1.0,RCB,0.0,CSK,0.0,GT,0.0,---,0.0,---,0.0,MI,2.0,CSK,1.0,KKR,0.0,DC,1.0,MI,1.0,RCB,0.0,GT,2.0,RR,0.0,RCB,2.0,MI,2.0,GT,1.0,LSG,0.0,MI,1.0,---,0.0,CSK,0.0,PBKS,0.0,LSG,0.0,RCB,2.0,21.0
18,24,gladiator30,Gladiator,RR,0.0,SRH,0.0,RCB,1.0,MI,0.0,SRH,0.0,CSK,0.0,MI,1.0,PBKS,1.0,RCB,0.0,SRH,0.0,MI,0.0,CSK,0.0,PBKS,0.0,SRH,0.0,MI,0.0,LSG,1.5,CSK,0.0,GT,1.0,DC,1.0,CSK,0.0,LSG,1.5,PBKS,0.0,RCB,2.0,DC,0.0,CSK,1.0,PBKS,1.0,RR,0.0,MI,1.0,RCB,0.0,DC,0.0,LSG,2.0,PBKS,0.0,CSK,0.0,GT,1.0,DC,1.0,MI,1.0,RCB,3.0,CSK,0.0,KKR,0.0,LSG,0.0,DC,0.0,21.0
19,27,hungry_wolf,HungrY_WolF,KKR,1.0,SRH,0.0,CSK,0.0,MI,0.0,SRH,0.0,RR,2.0,KKR,0.0,PBKS,1.0,RCB,0.0,SRH,0.0,LSG,1.0,DC,2.0,PBKS,0.0,SRH,0.0,MI,0.0,KKR,0.0,PBKS,1.5,GT,1.0,DC,1.0,KKR,1.0,GT,0.0,PBKS,0.0,RCB,2.0,DC,0.0,LSG,0.0,PBKS,1.0,RR,0.0,SRH,0.0,PBKS,1.0,DC,0.0,LSG,2.0,PBKS,0.0,CSK,0.0,GT,1.0,LSG,0.0,SRH,0.0,RR,0.0,SRH,1.0,KKR,0.0,LSG,0.0,DC,0.0,19.5
20,28,sriprakash,Sri Prakash,---,0.0,SRH,0.0,CSK,0.0,---,0.0,SRH,0.0,CSK,0.0,KKR,0.0,PBKS,1.0,---,0.0,SRH,0.0,LSG,1.0,DC,2.0,PBKS,0.0,GT,2.0,MI,0.0,KKR,0.0,PBKS,1.5,GT,1.0,DC,1.0,---,0.0,LSG,1.5,PBKS,0.0,RR,0.0,DC,0.0,LSG,0.0,PBKS,1.0,DC,1.0,SRH,0.0,---,0.0,DC,0.0,---,0.0,PBKS,0.0,CSK,0.0,GT,1.0,LSG,0.0,MI,1.0,RCB,3.0,CSK,0.0,PBKS,0.0,---,0.0,DC,0.0,18.0
21,29,max._.caulfield,Max,KKR,1.0,SRH,0.0,CSK,0.0,GT,1.0,DC,2.0,RR,2.0,KKR,0.0,PBKS,1.0,RCB,0.0,SRH,0.0,MI,0.0,CSK,0.0,PBKS,0.0,SRH,0.0,RCB,1.0,---,0.0,---,0.0,GT,1.0,RCB,0.0,KKR,1.0,GT,0.0,PBKS,0.0,RR,0.0,DC,0.0,LSG,0.0,KKR,0.0,DC,1.0,---,0.0,RCB,0.0,DC,0.0,RR,0.0,---,0.0,---,0.0,KKR,0.0,DC,1.0,MI,1.0,RR,0.0,CSK,0.0,KKR,0.0,MI,2.0,DC,0.0,15.0
22,30,dag_21,daggr,RR,0.0,SRH,0.0,---,0.0,---,0.0,SRH,0.0,CSK,0.0,MI,1.0,PBKS,1.0,---,0.0,---,0.0,---,0.0,DC,2.0,PBKS,0.0,SRH,0.0,---,0.0,KKR,0.0,PBKS,1.5,GT,1.0,DC,1.0,---,0.0,---,0.0,---,0.0,---,0.0,---,0.0,LSG,0.0,KKR,0.0,---,0.0,SRH,0.0,PBKS,1.0,GT,2.0,LSG,2.0,PBKS,0.0,---,0.0,KKR,0.0,---,0.0,SRH,0.0,RR,0.0,CSK,0.0,PBKS,0.0,MI,2.0,DC,0.0,14.5
23,31,csharp21,CSharp,---,0.0,---,0.0,---,0.0,---,0.0,---,0.0,---,0.0,---,0.0,---,0.0,---,0.0,---,0.0,MI,0.0,DC,2.0,RR,2.0,---,0.0,MI,0.0,---,0.0,---,0.0,---,0.0,DC,1.0,CSK,0.0,---,0.0,---,0.0,RCB,2.0,DC,0.0,LSG,0.0,KKR,0.0,DC,1.0,SRH,0.0,PBKS,1.0,---,0.0,---,0.0,PBKS,0.0,CSK,0.0,GT,1.0,DC,1.0,SRH,0.0,RR,0.0,SRH,1.0,PBKS,0.0,LSG,0.0,DC,0.0,12.0
23,31,darkwolf_newbie,Darkwolf,KKR,1.0,SRH,0.0,---,0.0,---,0.0,SRH,0.0,---,0.0,KKR,0.0,LSG,0.0,GT,1.0,SRH,0.0,LSG,1.0,DC,2.0,---,0.0,SRH,0.0,RCB,1.0,KKR,0.0,---,0.0,GT,1.0,DC,1.0,---,0.0,---,0.0,---,0.0,---,0.0,---,0.0,LSG,0.0,KKR,0.0,DC,1.0,---,0.0,PBKS,1.0,DC,0.0,LSG,2.0,---,0.0,---,0.0,---,0.0,---,0.0,---,0.0,---,0.0,---,0.0,---,0.0,---,0.0,---,0.0,12.0
23,31,gamerpradosh,Gamer Pradosh,---,0.0,---,0.0,---,0.0,---,0.0,---,0.0,CSK,0.0,---,0.0,---,0.0,---,0.0,---,0.0,---,0.0,---,0.0,---,0.0,---,0.0,---,0.0,---,0.0,---,0.0,---,0.0,---,0.0,CSK,0.0,GT,0.0,PBKS,0.0,---,0.0,---,0.0,CSK,1.0,PBKS,1.0,---,0.0,MI,1.0,---,0.0,DC,0.0,LSG,2.0,PBKS,0.0,CSK,0.0,---,0.0,DC,1.0,MI,1.0,RCB,3.0,---,0.0,---,0.0,MI,2.0,---,0.0,12.0
23,31,kakashi019805,Kakashi,---,0.0,---,0.0,---,0.0,---,0.0,---,0.0,---,0.0,---,0.0,---,0.0,RCB,0.0,---,0.0,---,0.0,---,0.0,---,0.0,---,0.0,---,0.0,---,0.0,---,0.0,---,0.0,---,0.0,---,0.0,---,0.0,---,0.0,RCB,2.0,DC,0.0,---,0.0,---,0.0,DC,1.0,---,0.0,---,0.0,---,0.0,---,0.0,RCB,2.0,MI,2.0,---,0.0,LSG,0.0,---,0.0,RCB,3.0,---,0.0,PBKS,0.0,MI,2.0,DC,0.0,12.0
24,35,aaryangupta23,Aaryan,---,0.0,---,0.0,---,0.0,---,0.0,---,0.0,---,0.0,---,0.0,---,0.0,---,0.0,---,0.0,---,0.0,---,0.0,---,0.0,---,0.0,---,0.0,---,0.0,---,0.0,---,0.0,---,0.0,---,0.0,---,0.0,---,0.0,---,0.0,---,0.0,---,0.0,---,0.0,---,0.0,---,0.0,RCB,0.0,---,0.0,---,0.0,RCB,2.0,MI,2.0,---,0.0,---,0.0,---,0.0,RCB,3.0,CSK,0.0,---,0.0,MI,2.0,RCB,2.0,11.0
24,35,pkmkb6011,Sunny Paaji,---,0.0,---,0.0,RCB,1.0,GT,1.0,---,0.0,---,0.0,---,0.0,LSG,0.0,RCB,0.0,---,0.0,---,0.0,CSK,0.0,---,0.0,GT,2.0,RCB,1.0,KKR,0.0,---,0.0,---,0.0,RCB,0.0,---,0.0,---,0.0,---,0.0,RCB,2.0,DC,0.0,CSK,1.0,---,0.0,---,0.0,---,0.0,RCB,0.0,---,0.0,---,0.0,---,0.0,---,0.0,---,0.0,---,0.0,---,0.0,RCB,3.0,---,0.0,---,0.0,LSG,0.0,---,0.0,11.0
25,37,lelouch1806,lelouch,---,0.0,---,0.0,---,0.0,---,0.0,---,0.0,---,0.0,---,0.0,---,0.0,---,0.0,SRH,0.0,LSG,1.0,---,0.0,---,0.0,---,0.0,---,0.0,---,0.0,PBKS,1.5,---,0.0,---,0.0,---,0.0,---,0.0,---,0.0,---,0.0,---,0.0,---,0.0,---,0.0,DC,1.0,---,0.0,RCB,0.0,---,0.0,---,0.0,---,0.0,---,0.0,---,0.0,---,0.0,---,0.0,RCB,3.0,SRH,1.0,---,0.0,---,0.0,RCB,2.0,9.5
26,38,deadshot06.,,---,0.0,---,0.0,---,0.0,---,0.0,---,0.0,---,0.0,---,0.0,---,0.0,---,0.0,---,0.0,---,0.0,---,0.0,---,0.0,---,0.0,---,0.0,---,0.0,---,0.0,---,0.0,---,0.0,---,0.0,---,0.0,---,0.0,RCB,2.0,---,0.0,LSG,0.0,---,0.0,---,0.0,---,0.0,---,0.0,---,0.0,---,0.0,RCB,2.0,---,0.0,---,0.0,---,0.0,---,0.0,RCB,3.0,---,0.0,---,0.0,---,0.0,RCB,2.0,9.0
26,38,gane_sh,Gane_sh,---,0.0,---,0.0,---,0.0,---,0.0,---,0.0,---,0.0,---,0.0,PBKS,1.0,---,0.0,---,0.0,MI,0.0,CSK,0.0,RR,2.0,---,0.0,---,0.0,---,0.0,---,0.0,---,0.0,RCB,0.0,---,0.0,---,0.0,---,0.0,---,0.0,---,0.0,CSK,1.0,PBKS,1.0,DC,1.0,SRH,0.0,RCB,0.0,---,0.0,LSG,2.0,PBKS,0.0,CSK,0.0,---,0.0,DC,1.0,---,0.0,---,0.0,CSK,0.0,---,0.0,---,0.0,---,0.0,9.0
27,40,fullmetal77,FullMetal77,---,0.0,---,0.0,---,0.0,---,0.0,---,0.0,---,0.0,---,0.0,---,0.0,---,0.0,---,0.0,MI,0.0,---,0.0,---,0.0,---,0.0,---,0.0,---,0.0,---,0.0,---,0.0,---,0.0,---,0.0,---,0.0,---,0.0,---,0.0,---,0.0,CSK,1.0,PBKS,1.0,DC,1.0,MI,1.0,RCB,0.0,DC,0.0,LSG,2.0,---,0.0,MI,2.0,---,0.0,---,0.0,---,0.0,---,0.0,---,0.0,---,0.0,---,0.0,---,0.0,8.0
28,41,jubilant_chipmunk_76062,,RR,0.0,---,0.0,---,0.0,---,0.0,---,0.0,---,0.0,---,0.0,---,0.0,---,0.0,---,0.0,---,0.0,---,0.0,---,0.0,---,0.0,---,0.0,---,0.0,PBKS,1.5,GT,1.0,---,0.0,---,0.0,---,0.0,---,0.0,---,0.0,---,0.0,---,0.0,---,0.0,---,0.0,---,0.0,---,0.0,---,0.0,---,0.0,---,0.0,---,0.0,GT,1.0,DC,1.0,---,0.0,RCB,3.0,CSK,0.0,---,0.0,---,0.0,---,0.0,7.5
29,42,iamthathit,IamthatHit,---,0.0,---,0.0,---,0.0,---,0.0,---,0.0,---,0.0,---,0.0,---,0.0,RCB,0.0,SRH,0.0,LSG,1.0,---,0.0,---,0.0,GT,2.0,---,0.0,---,0.0,PBKS,1.5,GT,1.0,DC,1.0,---,0.0,---,0.0,---,0.0,---,0.0,---,0.0,---,0.0,---,0.0,---,0.0,---,0.0,---,0.0,---,0.0,---,0.0,---,0.0,---,0.0,---,0.0,---,0.0,---,0.0,---,0.0,---,0.0,---,0.0,---,0.0,---,0.0,6.5
30,43,ashmrth,Ashmrth,RR,0.0,LSG,1.0,RCB,1.0,---,0.0,---,0.0,RR,2.0,---,0.0,---,0.0,---,0.0,---,0.0,LSG,1.0,---,0.0,---,0.0,---,0.0,---,0.0,---,0.0,---,0.0,---,0.0,---,0.0,---,0.0,---,0.0,---,0.0,---,0.0,---,0.0,---,0.0,---,0.0,DC,1.0,---,0.0,---,0.0,---,0.0,---,0.0,---,0.0,---,0.0,---,0.0,---,0.0,---,0.0,---,0.0,---,0.0,---,0.0,---,0.0,---,0.0,6.0
30,43,harish_datta_,Harish_datta_,---,0.0,---,0.0,---,0.0,---,0.0,---,0.0,---,0.0,---,0.0,---,0.0,---,0.0,---,0.0,---,0.0,---,0.0,---,0.0,---,0.0,MI,0.0,---,0.0,---,0.0,---,0.0,---,0.0,---,0.0,---,0.0,---,0.0,RR,0.0,MI,2.0,CSK,1.0,KKR,0.0,---,0.0,---,0.0,PBKS,1.0,GT,2.0,RR,0.0,---,0.0,---,0.0,---,0.0,---,0.0,---,0.0,---,0.0,---,0.0,---,0.0,---,0.0,---,0.0,6.0
31,45,1nv1nc1b1e18,Him.,---,0.0,---,0.0,RCB,1.0,GT,1.0,---,0.0,---,0.0,---,0.0,---,0.0,RCB,0.0,SRH,0.0,---,0.0,---,0.0,---,0.0,---,0.0,RCB,1.0,---,0.0,---,0.0,---,0.0,---,0.0,---,0.0,---,0.0,---,0.0,---,0.0,---,0.0,---,0.0,---,0.0,---,0.0,---,0.0,---,0.0,---,0.0,---,0.0,---,0.0,---,0.0,---,0.0,---,0.0,---,0.0,---,0.0,---,0.0,---,0.0,LSG,0.0,RCB,2.0,5.0
31,45,croco_boya,Croco,---,0.0,LSG,1.0,CSK,0.0,---,0.0,SRH,0.0,CSK,0.0,KKR,0.0,---,0.0,---,0.0,KKR,1.0,LSG,1.0,CSK,0.0,RR,2.0,SRH,0.0,MI,0.0,KKR,0.0,CSK,0.0,---,0.0,---,0.0,---,0.0,---,0.0,---,0.0,---,0.0,---,0.0,---,0.0,---,0.0,---,0.0,---,0.0,---,0.0,---,0.0,---,0.0,---,0.0,---,0.0,---,0.0,---,0.0,---,0.0,---,0.0,---,0.0,---,0.0,---,0.0,---,0.0,5.0
31,45,jerry0_o,Jerry0_0,---,0.0,---,0.0,---,0.0,---,0.0,---,0.0,---,0.0,---,0.0,---,0.0,---,0.0,---,0.0,---,0.0,---,0.0,---,0.0,---,0.0,---,0.0,---,0.0,---,0.0,---,0.0,RCB,0.0,---,0.0,---,0.0,---,0.0,RCB,2.0,DC,0.0,---,0.0,---,0.0,---,0.0,---,0.0,RCB,0.0,---,0.0,---,0.0,---,0.0,---,0.0,---,0.0,---,0.0,---,0.0,RCB,3.0,---,0.0,---,0.0,---,0.0,---,0.0,5.0
31,45,samarp30,Samarp30,---,0.0,---,0.0,---,0.0,---,0.0,---,0.0,---,0.0,---,0.0,---,0.0,---,0.0,---,0.0,---,0.0,---,0.0,---,0.0,---,0.0,---,0.0,---,0.0,---,0.0,---,0.0,---,0.0,---,0.0,---,0.0,---,0.0,---,0.0,---,0.0,CSK,1.0,PBKS,1.0,DC,1.0,SRH,0.0,---,0.0,---,0.0,LSG,2.0,---,0.0,---,0.0,---,0.0,---,0.0,---,0.0,---,0.0,---,0.0,---,0.0,---,0.0,---,0.0,5.0
32,49,_simplet0n,ZePHyR,---,0.0,---,0.0,---,0.0,---,0.0,---,0.0,---,0.0,---,0.0,---,0.0,RCB,0.0,---,0.0,---,0.0,---,0.0,---,0.0,---,0.0,RCB,1.0,---,0.0,---,0.0,---,0.0,---,0.0,---,0.0,---,0.0,---,0.0,---,0.0,---,0.0,---,0.0,---,0.0,---,0.0,---,0.0,RCB,0.0,---,0.0,---,0.0,---,0.0,---,0.0,---,0.0,---,0.0,---,0.0,RCB,3.0,---,0.0,KKR,0.0,---,0.0,---,0.0,4.0
32,49,fawaz4413,,RR,0.0,SRH,0.0,---,0.0,GT,1.0,SRH,0.0,CSK,0.0,---,0.0,PBKS,1.0,RCB,0.0,SRH,0.0,MI,0.0,CSK,0.0,PBKS,0.0,---,0.0,---,0.0,KKR,0.0,CSK,0.0,GT,1.0,RCB,0.0,KKR,1.0,GT,0.0,PBKS,0.0,---,0.0,---,0.0,---,0.0,---,0.0,---,0.0,---,0.0,---,0.0,---,0.0,---,0.0,---,0.0,---,0.0,---,0.0,---,0.0,---,0.0,---,0.0,---,0.0,---,0.0,---,0.0,---,0.0,4.0
32,49,levi_taicho,levi_taicho,---,0.0,---,0.0,---,0.0,---,0.0,---,0.0,---,0.0,---,0.0,---,0.0,---,0.0,---,0.0,---,0.0,---,0.0,---,0.0,---,0.0,---,0.0,---,0.0,---,0.0,---,0.0,---,0.0,---,0.0,---,0.0,---,0.0,---,0.0,---,0.0,---,0.0,---,0.0,---,0.0,---,0.0,---,0.0,---,0.0,---,0.0,RCB,2.0,MI,2.0,---,0.0,---,0.0,---,0.0,---,0.0,---,0.0,---,0.0,---,0.0,---,0.0,4.0
32,49,vader8726,vader,KKR,1.0,LSG,1.0,RCB,1.0,---,0.0,---,0.0,---,0.0,---,0.0,---,0.0,---,0.0,---,0.0,LSG,1.0,---,0.0,---,0.0,---,0.0,---,0.0,---,0.0,---,0.0,---,0.0,---,0.0,---,0.0,---,0.0,---,0.0,---,0.0,---,0.0,---,0.0,---,0.0,---,0.0,---,0.0,---,0.0,---,0.0,---,0.0,---,0.0,---,0.0,---,0.0,---,0.0,---,0.0,---,0.0,---,0.0,---,0.0,---,0.0,---,0.0,4.0
33,53,cdgamers14,cdgamers😎,---,0.0,---,0.0,---,0.0,---,0.0,---,0.0,---,0.0,---,0.0,---,0.0,RCB,0.0,KKR,1.0,LSG,1.0,---,0.0,---,0.0,---,0.0,---,0.0,KKR,0.0,PBKS,1.5,---,0.0,---,0.0,---,0.0,---,0.0,---,0.0,---,0.0,---,0.0,LSG,0.0,KKR,0.0,---,0.0,---,0.0,---,0.0,---,0.0,---,0.0,---,0.0,---,0.0,KKR,0.0,---,0.0,---,0.0,---,0.0,---,0.0,KKR,0.0,---,0.0,---,0.0,3.5
34,54,.agentvic,agentVic,---,0.0,---,0.0,---,0.0,---,0.0,---,0.0,---,0.0,---,0.0,---,0.0,---,0.0,---,0.0,---,0.0,---,0.0,---,0.0,---,0.0,---,0.0,---,0.0,---,0.0,---,0.0,---,0.0,---,0.0,---,0.0,---,0.0,---,0.0,DC,0.0,---,0.0,---,0.0,---,0.0,---,0.0,---,0.0,---,0.0,---,0.0,---,0.0,---,0.0,---,0.0,---,0.0,---,0.0,RCB,3.0,---,0.0,---,0.0,---,0.0,---,0.0,3.0
34,54,abhishek2311_2,Abhishek_5518,---,0.0,---,0.0,---,0.0,---,0.0,---,0.0,---,0.0,---,0.0,---,0.0,---,0.0,---,0.0,---,0.0,---,0.0,---,0.0,---,0.0,---,0.0,---,0.0,---,0.0,---,0.0,---,0.0,---,0.0,---,0.0,---,0.0,---,0.0,---,0.0,---,0.0,---,0.0,---,0.0,---,0.0,---,0.0,---,0.0,---,0.0,---,0.0,---,0.0,---,0.0,---,0.0,---,0.0,RCB,3.0,---,0.0,---,0.0,---,0.0,---,0.0,3.0
34,54,fazilbashasn,FAZILBASHASN,---,0.0,---,0.0,---,0.0,---,0.0,---,0.0,---,0.0,---,0.0,---,0.0,---,0.0,---,0.0,---,0.0,---,0.0,---,0.0,---,0.0,---,0.0,---,0.0,---,0.0,---,0.0,---,0.0,---,0.0,---,0.0,---,0.0,---,0.0,---,0.0,---,0.0,---,0.0,---,0.0,---,0.0,---,0.0,---,0.0,---,0.0,---,0.0,---,0.0,---,0.0,---,0.0,---,0.0,RCB,3.0,---,0.0,---,0.0,---,0.0,---,0.0,3.0
34,54,light083969,Light,---,0.0,---,0.0,RCB,1.0,---,0.0,---,0.0,---,0.0,---,0.0,---,0.0,---,0.0,---,0.0,---,0.0,---,0.0,---,0.0,---,0.0,---,0.0,---,0.0,---,0.0,---,0.0,---,0.0,---,0.0,---,0.0,---,0.0,---,0.0,---,0.0,---,0.0,---,0.0,---,0.0,---,0.0,---,0.0,---,0.0,---,0.0,RCB,2.0,---,0.0,---,0.0,---,0.0,---,0.0,---,0.0,---,0.0,---,0.0,---,0.0,---,0.0,3.0
34,54,nullpixel96,Nullpixel96,---,0.0,SRH,0.0,RCB,1.0,GT,1.0,---,0.0,---,0.0,---,0.0,---,0.0,---,0.0,---,0.0,---,0.0,---,0.0,---,0.0,SRH,0.0,---,0.0,---,0.0,---,0.0,---,0.0,---,0.0,KKR,1.0,---,0.0,---,0.0,---,0.0,---,0.0,---,0.0,---,0.0,RR,0.0,---,0.0,---,0.0,---,0.0,---,0.0,---,0.0,---,0.0,---,0.0,---,0.0,---,0.0,---,0.0,---,0.0,---,0.0,---,0.0,---,0.0,3.0
34,54,psycvb,Sukuna (両面),---,0.0,---,0.0,---,0.0,---,0.0,---,0.0,---,0.0,---,0.0,---,0.0,---,0.0,---,0.0,---,0.0,---,0.0,---,0.0,---,0.0,---,0.0,---,0.0,---,0.0,---,0.0,---,0.0,---,0.0,---,0.0,---,0.0,---,0.0,---,0.0,---,0.0,---,0.0,---,0.0,---,0.0,---,0.0,---,0.0,---,0.0,---,0.0,---,0.0,---,0.0,---,0.0,---,0.0,RCB,3.0,---,0.0,---,0.0,---,0.0,---,0.0,3.0
34,54,singh84,Singh,KKR,1.0,---,0.0,---,0.0,---,0.0,---,0.0,---,0.0,---,0.0,---,0.0,---,0.0,---,0.0,---,0.0,---,0.0,---,0.0,---,0.0,---,0.0,---,0.0,---,0.0,---,0.0,---,0.0,---,0.0,---,0.0,---,0.0,---,0.0,---,0.0,CSK,1.0,---,0.0,DC,1.0,---,0.0,---,0.0,---,0.0,---,0.0,---,0.0,---,0.0,---,0.0,---,0.0,---,0.0,---,0.0,---,0.0,---,0.0,---,0.0,---,0.0,3.0
34,54,weezyf.baby_,WEEZY F. Baby,---,0.0,---,0.0,---,0.0,---,0.0,---,0.0,---,0.0,---,0.0,LSG,0.0,---,0.0,---,0.0,---,0.0,---,0.0,---,0.0,---,0.0,---,0.0,---,0.0,---,0.0,---,0.0,---,0.0,---,0.0,---,0.0,---,0.0,---,0.0,---,0.0,---,0.0,---,0.0,---,0.0,---,0.0,---,0.0,---,0.0,---,0.0,---,0.0,---,0.0,KKR,0.0,---,0.0,MI,1.0,---,0.0,---,0.0,---,0.0,MI,2.0,DC,0.0,3.0
35,62,asterayah,Zarathon,---,0.0,LSG,1.0,RCB,1.0,---,0.0,---,0.0,---,0.0,---,0.0,---,0.0,---,0.0,---,0.0,---,0.0,---,0.0,---,0.0,---,0.0,---,0.0,---,0.0,---,0.0,---,0.0,---,0.0,---,0.0,---,0.0,---,0.0,---,0.0,---,0.0,---,0.0,---,0.0,---,0.0,---,0.0,---,0.0,---,0.0,---,0.0,---,0.0,---,0.0,---,0.0,---,0.0,---,0.0,---,0.0,---,0.0,---,0.0,---,0.0,---,0.0,2.0
35,62,bigshikki,BigShik,---,0.0,---,0.0,---,0.0,---,0.0,---,0.0,RR,2.0,---,0.0,---,0.0,---,0.0,---,0.0,---,0.0,---,0.0,---,0.0,---,0.0,---,0.0,---,0.0,---,0.0,---,0.0,---,0.0,---,0.0,---,0.0,---,0.0,---,0.0,---,0.0,---,0.0,---,0.0,---,0.0,---,0.0,---,0.0,---,0.0,---,0.0,---,0.0,---,0.0,---,0.0,---,0.0,---,0.0,---,0.0,---,0.0,---,0.0,---,0.0,---,0.0,2.0
35,62,eldiablo1701,El Diablo,---,0.0,---,0.0,---,0.0,---,0.0,---,0.0,---,0.0,---,0.0,---,0.0,---,0.0,---,0.0,---,0.0,---,0.0,---,0.0,---,0.0,---,0.0,---,0.0,---,0.0,---,0.0,---,0.0,---,0.0,---,0.0,---,0.0,---,0.0,---,0.0,---,0.0,---,0.0,DC,1.0,MI,1.0,---,0.0,---,0.0,---,0.0,---,0.0,CSK,0.0,---,0.0,---,0.0,---,0.0,---,0.0,---,0.0,---,0.0,---,0.0,---,0.0,2.0
35,62,garageembark,DEFALT,---,0.0,---,0.0,---,0.0,---,0.0,---,0.0,---,0.0,---,0.0,PBKS,1.0,---,0.0,---,0.0,---,0.0,---,0.0,---,0.0,---,0.0,---,0.0,---,0.0,---,0.0,---,0.0,---,0.0,---,0.0,---,0.0,---,0.0,---,0.0,---,0.0,CSK,1.0,---,0.0,---,0.0,---,0.0,---,0.0,---,0.0,---,0.0,---,0.0,---,0.0,---,0.0,---,0.0,---,0.0,---,0.0,---,0.0,---,0.0,---,0.0,---,0.0,2.0
35,62,mightyprem,Mighty Prem,---,0.0,---,0.0,---,0.0,---,0.0,---,0.0,---,0.0,---,0.0,---,0.0,---,0.0,---,0.0,---,0.0,---,0.0,---,0.0,---,0.0,---,0.0,---,0.0,---,0.0,---,0.0,---,0.0,---,0.0,---,0.0,---,0.0,---,0.0,---,0.0,---,0.0,---,0.0,---,0.0,---,0.0,---,0.0,---,0.0,---,0.0,---,0.0,MI,2.0,---,0.0,---,0.0,---,0.0,---,0.0,---,0.0,---,0.0,---,0.0,---,0.0,2.0
36,67,iamzeus,iAmZeus,---,0.0,---,0.0,---,0.0,---,0.0,---,0.0,---,0.0,---,0.0,---,0.0,---,0.0,---,0.0,---,0.0,---,0.0,---,0.0,---,0.0,---,0.0,KKR,0.0,PBKS,1.5,---,0.0,---,0.0,---,0.0,---,0.0,---,0.0,---,0.0,---,0.0,---,0.0,---,0.0,---,0.0,---,0.0,---,0.0,---,0.0,---,0.0,---,0.0,---,0.0,KKR,0.0,---,0.0,---,0.0,---,0.0,---,0.0,---,0.0,---,0.0,---,0.0,1.5
37,68,.antiderivative,antiderivative,---,0.0,---,0.0,---,0.0,---,0.0,---,0.0,---,0.0,---,0.0,---,0.0,---,0.0,---,0.0,---,0.0,---,0.0,---,0.0,---,0.0,---,0.0,---,0.0,---,0.0,---,0.0,---,0.0,---,0.0,---,0.0,---,0.0,---,0.0,---,0.0,CSK,1.0,---,0.0,---,0.0,---,0.0,---,0.0,---,0.0,---,0.0,---,0.0,---,0.0,---,0.0,---,0.0,---,0.0,---,0.0,---,0.0,---,0.0,---,0.0,---,0.0,1.0
37,68,aayush1965070,Aayush196,KKR,1.0,---,0.0,---,0.0,---,0.0,---,0.0,---,0.0,---,0.0,---,0.0,---,0.0,---,0.0,---,0.0,---,0.0,---,0.0,---,0.0,---,0.0,---,0.0,---,0.0,---,0.0,---,0.0,---,0.0,---,0.0,---,0.0,---,0.0,---,0.0,---,0.0,---,0.0,---,0.0,---,0.0,---,0.0,---,0.0,---,0.0,---,0.0,---,0.0,---,0.0,---,0.0,---,0.0,---,0.0,---,0.0,---,0.0,---,0.0,---,0.0,1.0
37,68,abdulhuq,,---,0.0,---,0.0,---,0.0,---,0.0,---,0.0,---,0.0,---,0.0,---,0.0,---,0.0,---,0.0,---,0.0,---,0.0,---,0.0,---,0.0,---,0.0,---,0.0,---,0.0,---,0.0,---,0.0,---,0.0,---,0.0,---,0.0,---,0.0,---,0.0,---,0.0,---,0.0,DC,1.0,---,0.0,---,0.0,---,0.0,---,0.0,---,0.0,---,0.0,---,0.0,---,0.0,---,0.0,---,0.0,---,0.0,---,0.0,---,0.0,---,0.0,1.0
37,68,abhilashsp,Abhilash SP,---,0.0,---,0.0,---,0.0,---,0.0,---,0.0,---,0.0,---,0.0,---,0.0,---,0.0,---,0.0,---,0.0,---,0.0,---,0.0,---,0.0,---,0.0,---,0.0,---,0.0,---,0.0,---,0.0,---,0.0,---,0.0,---,0.0,---,0.0,---,0.0,---,0.0,---,0.0,---,0.0,---,0.0,PBKS,1.0,---,0.0,---,0.0,---,0.0,---,0.0,---,0.0,---,0.0,---,0.0,RR,0.0,---,0.0,---,0.0,---,0.0,---,0.0,1.0
37,68,albinopanda.,AlbinoPanda,---,0.0,---,0.0,---,0.0,---,0.0,---,0.0,---,0.0,---,0.0,---,0.0,---,0.0,---,0.0,---,0.0,---,0.0,---,0.0,---,0.0,---,0.0,---,0.0,---,0.0,---,0.0,---,0.0,---,0.0,---,0.0,---,0.0,---,0.0,---,0.0,---,0.0,---,0.0,---,0.0,MI,1.0,---,0.0,---,0.0,---,0.0,---,0.0,---,0.0,---,0.0,---,0.0,---,0.0,---,0.0,---,0.0,---,0.0,---,0.0,---,0.0,1.0
37,68,amangoyal,Aman,KKR,1.0,---,0.0,---,0.0,---,0.0,---,0.0,---,0.0,---,0.0,---,0.0,---,0.0,---,0.0,---,0.0,---,0.0,---,0.0,---,0.0,---,0.0,---,0.0,---,0.0,---,0.0,---,0.0,---,0.0,---,0.0,---,0.0,---,0.0,---,0.0,---,0.0,---,0.0,---,0.0,---,0.0,---,0.0,---,0.0,---,0.0,---,0.0,---,0.0,---,0.0,---,0.0,---,0.0,---,0.0,---,0.0,---,0.0,---,0.0,---,0.0,1.0
37,68,bundbaaz,sk,---,0.0,---,0.0,---,0.0,---,0.0,---,0.0,---,0.0,---,0.0,---,0.0,---,0.0,---,0.0,---,0.0,---,0.0,---,0.0,---,0.0,---,0.0,---,0.0,---,0.0,---,0.0,---,0.0,---,0.0,---,0.0,---,0.0,---,0.0,---,0.0,---,0.0,---,0.0,---,0.0,---,0.0,---,0.0,---,0.0,---,0.0,---,0.0,---,0.0,---,0.0,DC,1.0,---,0.0,---,0.0,---,0.0,---,0.0,---,0.0,---,0.0,1.0
37,68,craniaxx_,⑉¢͢͢͢尺αηιαχ⑉,---,0.0,---,0.0,---,0.0,---,0.0,---,0.0,---,0.0,---,0.0,---,0.0,---,0.0,---,0.0,---,0.0,---,0.0,---,0.0,---,0.0,---,0.0,---,0.0,---,0.0,---,0.0,---,0.0,---,0.0,---,0.0,---,0.0,---,0.0,---,0.0,---,0.0,---,0.0,---,0.0,MI,1.0,---,0.0,---,0.0,---,0.0,---,0.0,---,0.0,---,0.0,---,0.0,---,0.0,---,0.0,---,0.0,---,0.0,---,0.0,---,0.0,1.0
37,68,dudhwalaop69,DudhWalaOP,KKR,1.0,---,0.0,---,0.0,---,0.0,---,0.0,---,0.0,---,0.0,---,0.0,---,0.0,---,0.0,---,0.0,---,0.0,---,0.0,---,0.0,---,0.0,---,0.0,---,0.0,---,0.0,---,0.0,---,0.0,---,0.0,---,0.0,---,0.0,---,0.0,---,0.0,---,0.0,---,0.0,---,0.0,---,0.0,---,0.0,---,0.0,---,0.0,---,0.0,---,0.0,---,0.0,---,0.0,---,0.0,---,0.0,---,0.0,---,0.0,---,0.0,1.0
37,68,gandalf_the_wizard,,---,0.0,---,0.0,---,0.0,---,0.0,---,0.0,---,0.0,---,0.0,---,0.0,---,0.0,---,0.0,---,0.0,---,0.0,---,0.0,---,0.0,---,0.0,---,0.0,---,0.0,---,0.0,---,0.0,---,0.0,---,0.0,---,0.0,---,0.0,---,0.0,CSK,1.0,KKR,0.0,---,0.0,---,0.0,---,0.0,---,0.0,---,0.0,---,0.0,---,0.0,---,0.0,---,0.0,---,0.0,---,0.0,---,0.0,---,0.0,---,0.0,---,0.0,1.0
37,68,itsdomtoretto,Dom,KKR,1.0,---,0.0,---,0.0,---,0.0,---,0.0,---,0.0,---,0.0,---,0.0,---,0.0,---,0.0,---,0.0,---,0.0,---,0.0,---,0.0,---,0.0,---,0.0,---,0.0,---,0.0,---,0.0,---,0.0,---,0.0,---,0.0,---,0.0,---,0.0,---,0.0,---,0.0,---,0.0,---,0.0,---,0.0,---,0.0,---,0.0,---,0.0,---,0.0,---,0.0,---,0.0,---,0.0,---,0.0,---,0.0,---,0.0,---,0.0,---,0.0,1.0
37,68,jayzus01,Jayan,KKR,1.0,---,0.0,CSK,0.0,---,0.0,---,0.0,---,0.0,---,0.0,---,0.0,---,0.0,---,0.0,---,0.0,---,0.0,---,0.0,---,0.0,---,0.0,---,0.0,---,0.0,---,0.0,---,0.0,---,0.0,---,0.0,---,0.0,---,0.0,---,0.0,---,0.0,---,0.0,---,0.0,---,0.0,---,0.0,---,0.0,---,0.0,---,0.0,---,0.0,---,0.0,---,0.0,---,0.0,---,0.0,---,0.0,---,0.0,---,0.0,---,0.0,1.0
37,68,killingintent,Killing Intent,---,0.0,---,0.0,---,0.0,---,0.0,---,0.0,---,0.0,---,0.0,---,0.0,---,0.0,---,0.0,---,0.0,---,0.0,---,0.0,---,0.0,---,0.0,---,0.0,---,0.0,---,0.0,---,0.0,---,0.0,---,0.0,---,0.0,---,0.0,---,0.0,---,0.0,---,0.0,---,0.0,---,0.0,---,0.0,---,0.0,---,0.0,---,0.0,---,0.0,---,0.0,---,0.0,SRH,0.0,---,0.0,SRH,1.0,---,0.0,---,0.0,---,0.0,1.0
37,68,liv4sid,Sid,---,0.0,---,0.0,---,0.0,---,0.0,---,0.0,---,0.0,---,0.0,---,0.0,---,0.0,---,0.0,LSG,1.0,---,0.0,---,0.0,---,0.0,---,0.0,---,0.0,---,0.0,---,0.0,---,0.0,---,0.0,---,0.0,---,0.0,---,0.0,---,0.0,---,0.0,---,0.0,---,0.0,---,0.0,---,0.0,---,0.0,---,0.0,---,0.0,---,0.0,---,0.0,---,0.0,---,0.0,---,0.0,---,0.0,---,0.0,---,0.0,---,0.0,1.0
37,68,sayaks05,Cold_fart10,---,0.0,---,0.0,---,0.0,---,0.0,---,0.0,---,0.0,---,0.0,PBKS,1.0,---,0.0,---,0.0,MI,0.0,---,0.0,---,0.0,---,0.0,---,0.0,---,0.0,---,0.0,---,0.0,---,0.0,---,0.0,---,0.0,---,0.0,---,0.0,---,0.0,---,0.0,---,0.0,---,0.0,---,0.0,---,0.0,---,0.0,---,0.0,---,0.0,---,0.0,---,0.0,---,0.0,---,0.0,---,0.0,---,0.0,---,0.0,---,0.0,---,0.0,1.0
37,68,shieldofachielles,shield of Achielles,---,0.0,---,0.0,CSK,0.0,GT,1.0,---,0.0,CSK,0.0,---,0.0,---,0.0,---,0.0,---,0.0,---,0.0,---,0.0,---,0.0,---,0.0,---,0.0,---,0.0,---,0.0,---,0.0,---,0.0,---,0.0,---,0.0,---,0.0,---,0.0,---,0.0,---,0.0,---,0.0,---,0.0,---,0.0,---,0.0,---,0.0,---,0.0,---,0.0,---,0.0,---,0.0,---,0.0,---,0.0,---,0.0,---,0.0,---,0.0,---,0.0,---,0.0,1.0
37,68,soul_999.,SOUL_999,---,0.0,---,0.0,---,0.0,---,0.0,---,0.0,---,0.0,---,0.0,---,0.0,---,0.0,---,0.0,---,0.0,---,0.0,---,0.0,---,0.0,---,0.0,---,0.0,---,0.0,---,0.0,---,0.0,---,0.0,---,0.0,PBKS,0.0,---,0.0,---,0.0,---,0.0,PBKS,1.0,RR,0.0,---,0.0,---,0.0,---,0.0,---,0.0,---,0.0,---,0.0,---,0.0,---,0.0,---,0.0,---,0.0,---,0.0,---,0.0,---,0.0,---,0.0,1.0
37,68,speedsterjk,SpeedsterJK,---,0.0,---,0.0,---,0.0,---,0.0,---,0.0,---,0.0,---,0.0,PBKS,1.0,---,0.0,---,0.0,---,0.0,---,0.0,---,0.0,---,0.0,---,0.0,---,0.0,---,0.0,---,0.0,---,0.0,---,0.0,---,0.0,---,0.0,---,0.0,---,0.0,---,0.0,---,0.0,---,0.0,---,0.0,---,0.0,---,0.0,---,0.0,---,0.0,---,0.0,---,0.0,---,0.0,---,0.0,---,0.0,---,0.0,---,0.0,---,0.0,---,0.0,1.0
37,68,theflash5512,The Flash,---,0.0,---,0.0,---,0.0,---,0.0,---,0.0,---,0.0,---,0.0,---,0.0,---,0.0,---,0.0,---,0.0,---,0.0,---,0.0,---,0.0,---,0.0,---,0.0,---,0.0,---,0.0,---,0.0,---,0.0,---,0.0,---,0.0,---,0.0,---,0.0,CSK,1.0,---,0.0,---,0.0,---,0.0,---,0.0,---,0.0,---,0.0,---,0.0,---,0.0,---,0.0,---,0.0,---,0.0,---,0.0,---,0.0,---,0.0,---,0.0,---,0.0,1.0
38,87,.selmonbhai,Tanjiro kamado,RR,0.0,SRH,0.0,---,0.0,---,0.0,---,0.0,---,0.0,---,0.0,---,0.0,---,0.0,---,0.0,---,0.0,---,0.0,---,0.0,---,0.0,---,0.0,---,0.0,---,0.0,---,0.0,---,0.0,---,0.0,---,0.0,---,0.0,---,0.0,---,0.0,---,0.0,---,0.0,---,0.0,---,0.0,---,0.0,---,0.0,---,0.0,---,0.0,---,0.0,---,0.0,---,0.0,---,0.0,---,0.0,---,0.0,---,0.0,---,0.0,---,0.0,0.0
38,87,aakashmangla,Babu Bhaiya,RR,0.0,---,0.0,---,0.0,---,0.0,---,0.0,---,0.0,---,0.0,---,0.0,---,0.0,---,0.0,---,0.0,---,0.0,---,0.0,---,0.0,---,0.0,---,0.0,---,0.0,---,0.0,---,0.0,---,0.0,---,0.0,---,0.0,---,0.0,---,0.0,LSG,0.0,---,0.0,---,0.0,---,0.0,---,0.0,---,0.0,---,0.0,---,0.0,---,0.0,---,0.0,---,0.0,---,0.0,---,0.0,---,0.0,---,0.0,---,0.0,---,0.0,0.0
38,87,ashutoshudairaaj1894,Ashutosh udai raaj,---,0.0,---,0.0,---,0.0,---,0.0,---,0.0,---,0.0,---,0.0,---,0.0,---,0.0,---,0.0,---,0.0,---,0.0,---,0.0,---,0.0,---,0.0,---,0.0,---,0.0,---,0.0,---,0.0,---,0.0,---,0.0,---,0.0,---,0.0,---,0.0,---,0.0,---,0.0,---,0.0,---,0.0,---,0.0,---,0.0,---,0.0,---,0.0,---,0.0,---,0.0,---,0.0,---,0.0,---,0.0,CSK,0.0,---,0.0,---,0.0,---,0.0,0.0
38,87,colac07,Colac,---,0.0,---,0.0,---,0.0,---,0.0,---,0.0,---,0.0,---,0.0,---,0.0,RCB,0.0,---,0.0,---,0.0,---,0.0,---,0.0,---,0.0,---,0.0,---,0.0,---,0.0,---,0.0,---,0.0,---,0.0,---,0.0,---,0.0,---,0.0,---,0.0,---,0.0,---,0.0,---,0.0,---,0.0,---,0.0,---,0.0,---,0.0,---,0.0,---,0.0,---,0.0,---,0.0,---,0.0,---,0.0,---,0.0,---,0.0,---,0.0,---,0.0,0.0
38,87,d3vilbring3r,d3vilbring3r,RR,0.0,---,0.0,---,0.0,---,0.0,---,0.0,---,0.0,---,0.0,---,0.0,---,0.0,---,0.0,---,0.0,---,0.0,---,0.0,---,0.0,---,0.0,---,0.0,---,0.0,---,0.0,---,0.0,---,0.0,---,0.0,---,0.0,---,0.0,---,0.0,---,0.0,---,0.0,---,0.0,---,0.0,---,0.0,---,0.0,---,0.0,---,0.0,---,0.0,---,0.0,---,0.0,---,0.0,---,0.0,---,0.0,---,0.0,---,0.0,---,0.0,0.0
38,87,drunk6202,DRUNK GAMBLER 🍻,---,0.0,---,0.0,---,0.0,---,0.0,---,0.0,---,0.0,---,0.0,LSG,0.0,---,0.0,---,0.0,---,0.0,---,0.0,---,0.0,---,0.0,---,0.0,---,0.0,---,0.0,---,0.0,---,0.0,---,0.0,---,0.0,---,0.0,---,0.0,---,0.0,---,0.0,---,0.0,---,0.0,---,0.0,---,0.0,---,0.0,---,0.0,---,0.0,---,0.0,---,0.0,---,0.0,---,0.0,---,0.0,---,0.0,---,0.0,---,0.0,---,0.0,0.0
38,87,fenil_fez,fenil_fez,---,0.0,---,0.0,---,0.0,---,0.0,---,0.0,---,0.0,---,0.0,---,0.0,---,0.0,---,0.0,---,0.0,---,0.0,---,0.0,---,0.0,---,0.0,---,0.0,---,0.0,---,0.0,---,0.0,---,0.0,---,0.0,---,0.0,---,0.0,---,0.0,---,0.0,---,0.0,---,0.0,---,0.0,---,0.0,---,0.0,---,0.0,---,0.0,CSK,0.0,---,0.0,---,0.0,---,0.0,---,0.0,---,0.0,---,0.0,---,0.0,---,0.0,0.0
38,87,ffirsty,FIRSTY,---,0.0,---,0.0,---,0.0,---,0.0,---,0.0,---,0.0,---,0.0,LSG,0.0,---,0.0,---,0.0,---,0.0,---,0.0,---,0.0,---,0.0,---,0.0,---,0.0,---,0.0,---,0.0,---,0.0,---,0.0,---,0.0,---,0.0,---,0.0,---,0.0,---,0.0,---,0.0,---,0.0,---,0.0,---,0.0,---,0.0,---,0.0,---,0.0,---,0.0,---,0.0,---,0.0,---,0.0,---,0.0,---,0.0,---,0.0,---,0.0,---,0.0,0.0
38,87,galaxy201294,Galaxy.,---,0.0,---,0.0,---,0.0,---,0.0,---,0.0,---,0.0,---,0.0,---,0.0,---,0.0,---,0.0,---,0.0,---,0.0,---,0.0,---,0.0,---,0.0,---,0.0,---,0.0,---,0.0,---,0.0,---,0.0,---,0.0,---,0.0,---,0.0,---,0.0,---,0.0,---,0.0,---,0.0,---,0.0,---,0.0,---,0.0,---,0.0,---,0.0,---,0.0,---,0.0,---,0.0,---,0.0,---,0.0,---,0.0,KKR,0.0,---,0.0,---,0.0,0.0
38,87,hg2.0.,HG 2.0,---,0.0,---,0.0,---,0.0,---,0.0,---,0.0,---,0.0,---,0.0,---,0.0,---,0.0,---,0.0,---,0.0,---,0.0,---,0.0,---,0.0,---,0.0,---,0.0,---,0.0,---,0.0,---,0.0,---,0.0,---,0.0,---,0.0,---,0.0,---,0.0,LSG,0.0,---,0.0,---,0.0,---,0.0,---,0.0,---,0.0,---,0.0,---,0.0,---,0.0,---,0.0,---,0.0,---,0.0,---,0.0,---,0.0,---,0.0,---,0.0,---,0.0,0.0
38,87,izzaanaaaa,izaanaaaa,---,0.0,---,0.0,---,0.0,---,0.0,---,0.0,---,0.0,---,0.0,---,0.0,---,0.0,---,0.0,---,0.0,---,0.0,---,0.0,---,0.0,---,0.0,---,0.0,---,0.0,---,0.0,---,0.0,---,0.0,---,0.0,---,0.0,---,0.0,---,0.0,LSG,0.0,---,0.0,---,0.0,---,0.0,---,0.0,---,0.0,---,0.0,---,0.0,---,0.0,---,0.0,---,0.0,---,0.0,---,0.0,---,0.0,---,0.0,---,0.0,---,0.0,0.0
38,87,jeki4318,Jeki,---,0.0,---,0.0,---,0.0,---,0.0,---,0.0,---,0.0,---,0.0,---,0.0,---,0.0,---,0.0,---,0.0,---,0.0,---,0.0,---,0.0,---,0.0,---,0.0,---,0.0,---,0.0,---,0.0,---,0.0,---,0.0,---,0.0,---,0.0,---,0.0,LSG,0.0,---,0.0,---,0.0,---,0.0,---,0.0,---,0.0,---,0.0,---,0.0,---,0.0,---,0.0,---,0.0,---,0.0,---,0.0,---,0.0,---,0.0,---,0.0,---,0.0,0.0
38,87,jhalayashraj,jhalayashraj,---,0.0,---,0.0,---,0.0,---,0.0,---,0.0,---,0.0,---,0.0,---,0.0,---,0.0,---,0.0,---,0.0,---,0.0,---,0.0,---,0.0,---,0.0,---,0.0,---,0.0,---,0.0,---,0.0,---,0.0,---,0.0,---,0.0,---,0.0,---,0.0,LSG,0.0,---,0.0,---,0.0,---,0.0,---,0.0,---,0.0,---,0.0,---,0.0,---,0.0,---,0.0,---,0.0,---,0.0,---,0.0,---,0.0,---,0.0,---,0.0,---,0.0,0.0
38,87,k1ngtrailblazer,tra1lblazerg0d,---,0.0,---,0.0,---,0.0,---,0.0,---,0.0,---,0.0,---,0.0,---,0.0,---,0.0,---,0.0,---,0.0,---,0.0,---,0.0,---,0.0,---,0.0,---,0.0,---,0.0,---,0.0,---,0.0,---,0.0,---,0.0,---,0.0,---,0.0,---,0.0,---,0.0,---,0.0,---,0.0,---,0.0,---,0.0,---,0.0,---,0.0,---,0.0,---,0.0,---,0.0,---,0.0,---,0.0,---,0.0,CSK,0.0,---,0.0,---,0.0,---,0.0,0.0
38,87,madhavm14,maddy,---,0.0,---,0.0,---,0.0,---,0.0,---,0.0,---,0.0,---,0.0,---,0.0,---,0.0,---,0.0,---,0.0,---,0.0,---,0.0,---,0.0,---,0.0,---,0.0,---,0.0,---,0.0,---,0.0,---,0.0,---,0.0,---,0.0,---,0.0,---,0.0,LSG,0.0,---,0.0,---,0.0,---,0.0,---,0.0,---,0.0,---,0.0,---,0.0,---,0.0,---,0.0,---,0.0,---,0.0,---,0.0,---,0.0,---,0.0,---,0.0,---,0.0,0.0
38,87,mrj619,MrJ619,RR,0.0,---,0.0,---,0.0,---,0.0,---,0.0,---,0.0,---,0.0,---,0.0,---,0.0,---,0.0,---,0.0,---,0.0,---,0.0,---,0.0,---,0.0,---,0.0,---,0.0,---,0.0,---,0.0,---,0.0,---,0.0,---,0.0,---,0.0,---,0.0,---,0.0,---,0.0,---,0.0,---,0.0,---,0.0,---,0.0,---,0.0,---,0.0,---,0.0,---,0.0,---,0.0,---,0.0,---,0.0,---,0.0,---,0.0,---,0.0,---,0.0,0.0
38,87,nftprofessor,NFTProfessor,---,0.0,SRH,0.0,CSK,0.0,---,0.0,---,0.0,---,0.0,---,0.0,---,0.0,---,0.0,---,0.0,---,0.0,---,0.0,---,0.0,---,0.0,---,0.0,---,0.0,---,0.0,---,0.0,---,0.0,---,0.0,---,0.0,---,0.0,---,0.0,---,0.0,---,0.0,---,0.0,---,0.0,---,0.0,---,0.0,---,0.0,---,0.0,---,0.0,---,0.0,---,0.0,---,0.0,---,0.0,---,0.0,---,0.0,---,0.0,---,0.0,---,0.0,0.0
38,87,oracle_priest,oracle_priest,---,0.0,---,0.0,---,0.0,---,0.0,---,0.0,---,0.0,---,0.0,---,0.0,---,0.0,---,0.0,---,0.0,---,0.0,---,0.0,---,0.0,---,0.0,---,0.0,---,0.0,---,0.0,---,0.0,---,0.0,---,0.0,---,0.0,---,0.0,---,0.0,---,0.0,---,0.0,---,0.0,---,0.0,---,0.0,---,0.0,---,0.0,---,0.0,---,0.0,---,0.0,---,0.0,---,0.0,---,0.0,---,0.0,---,0.0,---,0.0,DC,0.0,0.0
38,87,prathz1109,Prathzz,---,0.0,---,0.0,---,0.0,---,0.0,---,0.0,---,0.0,---,0.0,---,0.0,---,0.0,---,0.0,---,0.0,---,0.0,---,0.0,---,0.0,---,0.0,---,0.0,---,0.0,---,0.0,---,0.0,---,0.0,---,0.0,---,0.0,---,0.0,---,0.0,---,0.0,---,0.0,---,0.0,---,0.0,---,0.0,---,0.0,---,0.0,---,0.0,---,0.0,---,0.0,---,0.0,---,0.0,---,0.0,CSK,0.0,---,0.0,---,0.0,---,0.0,0.0
38,87,raj_kar,Raj,---,0.0,---,0.0,---,0.0,---,0.0,---,0.0,---,0.0,---,0.0,---,0.0,---,0.0,---,0.0,---,0.0,---,0.0,---,0.0,---,0.0,---,0.0,---,0.0,---,0.0,---,0.0,---,0.0,---,0.0,---,0.0,---,0.0,---,0.0,---,0.0,LSG,0.0,---,0.0,---,0.0,---,0.0,---,0.0,---,0.0,---,0.0,---,0.0,---,0.0,---,0.0,---,0.0,---,0.0,---,0.0,---,0.0,---,0.0,---,0.0,---,0.0,0.0
38,87,riq9634,Riq,---,0.0,---,0.0,CSK,0.0,---,0.0,---,0.0,---,0.0,---,0.0,---,0.0,---,0.0,---,0.0,---,0.0,---,0.0,---,0.0,---,0.0,---,0.0,---,0.0,---,0.0,---,0.0,---,0.0,---,0.0,---,0.0,---,0.0,---,0.0,---,0.0,---,0.0,---,0.0,---,0.0,---,0.0,---,0.0,---,0.0,---,0.0,---,0.0,---,0.0,---,0.0,---,0.0,---,0.0,---,0.0,---,0.0,---,0.0,---,0.0,---,0.0,0.0
38,87,rithick_devaraj,rithick_devaraj,RR,0.0,---,0.0,---,0.0,---,0.0,---,0.0,---,0.0,---,0.0,---,0.0,---,0.0,---,0.0,---,0.0,---,0.0,---,0.0,---,0.0,---,0.0,---,0.0,---,0.0,---,0.0,---,0.0,---,0.0,---,0.0,---,0.0,---,0.0,---,0.0,---,0.0,---,0.0,---,0.0,---,0.0,---,0.0,---,0.0,---,0.0,---,0.0,---,0.0,---,0.0,---,0.0,---,0.0,---,0.0,---,0.0,---,0.0,---,0.0,---,0.0,0.0
38,87,sauzz,Sauzz,---,0.0,SRH,0.0,---,0.0,---,0.0,---,0.0,---,0.0,---,0.0,---,0.0,---,0.0,---,0.0,---,0.0,---,0.0,---,0.0,---,0.0,---,0.0,---,0.0,---,0.0,---,0.0,---,0.0,---,0.0,---,0.0,---,0.0,---,0.0,---,0.0,---,0.0,---,0.0,---,0.0,---,0.0,---,0.0,---,0.0,---,0.0,---,0.0,---,0.0,---,0.0,---,0.0,---,0.0,---,0.0,---,0.0,---,0.0,---,0.0,---,0.0,0.0
38,87,shadow0403bsr,shadow43,---,0.0,---,0.0,---,0.0,---,0.0,---,0.0,---,0.0,---,0.0,---,0.0,---,0.0,---,0.0,---,0.0,---,0.0,---,0.0,---,0.0,---,0.0,---,0.0,---,0.0,---,0.0,---,0.0,---,0.0,---,0.0,---,0.0,---,0.0,---,0.0,---,0.0,---,0.0,---,0.0,---,0.0,---,0.0,---,0.0,---,0.0,---,0.0,---,0.0,---,0.0,---,0.0,---,0.0,---,0.0,---,0.0,PBKS,0.0,---,0.0,---,0.0,0.0
38,87,theredscorpio,HOMELANDER,---,0.0,---,0.0,---,0.0,---,0.0,---,0.0,---,0.0,---,0.0,---,0.0,---,0.0,---,0.0,---,0.0,---,0.0,---,0.0,---,0.0,---,0.0,---,0.0,---,0.0,---,0.0,---,0.0,---,0.0,---,0.0,---,0.0,---,0.0,---,0.0,---,0.0,---,0.0,---,0.0,---,0.0,---,0.0,---,0.0,---,0.0,PBKS,0.0,---,0.0,---,0.0,---,0.0,---,0.0,---,0.0,---,0.0,---,0.0,---,0.0,---,0.0,0.0
